"","X","th_BG","Layer.mean.of.Layer.1..unclassified","Layer.mean.of.Layer.2..unclassified","Layer.mean.of.Layer.3..unclassified","th_RL1","th_RL2","th_RL3","K2$cluster"
"1",1,-1.081340431,-1.010276326,-1.067046337,-0.780306927,0.316300743,-1.110010104,0.986959093,2
"2",2,0.104520551,0.913783186,-0.580492516,-1.024241965,2.496039533,-1.126922435,-2.470394113,2
"3",3,0.560620929,0.646164969,-0.445034063,-1.033269472,2.033946927,-0.650008898,-2.373649557,2
"4",4,-0.169139676,0.620208424,-0.91203632,-1.517795548,2.956742316,-1.38553777,-2.858331855,2
"5",5,0.104520551,0.070321673,-1.202537106,-1.769798395,2.844667779,-1.548010613,-2.461020121,2
"6",6,0.104520551,0.323351376,-1.162817909,-1.726298353,3.0794015,-1.650617349,-2.69787403,2
"7",7,0.195740627,0.77464578,0.052578665,-0.115953144,0.934786099,-0.236721277,-1.174268077,2
"8",8,0.560620929,1.101136689,0.343201109,0.200150277,0.80388966,-0.045830619,-1.221858028,2
"9",9,-0.351579827,0.663177642,-0.166704235,-0.391066444,1.232891234,-0.455218353,-1.35653144,2
"10",10,1.472821684,1.028558577,0.782537139,0.32444049,0.23252351,0.775479155,-1.413550753,1
"11",11,1.381601609,0.848444976,0.912936508,0.52781074,-0.232234107,1.015386633,-0.993994197,1
"12",12,1.56404176,1.401737892,1.888633014,1.500725949,-1.028990771,1.830596991,-0.817639266,1
"13",13,0.378180778,0.563683038,0.488364306,0.007929809,0.179215046,0.701416623,-1.22889402,1
"14",14,1.016721307,0.540211023,-0.030352197,0.309838758,0.407233037,-0.509421899,0.034536194,2
"15",15,-0.442799902,-0.405324672,-0.704540262,-1.232418831,1.146142402,-0.383471831,-1.314465394,2
"16",16,-0.990120356,-1.070282385,-1.505191976,-2.174609106,2.061127192,-1.220410813,-1.650373473,2
"17",17,-1.081340431,-0.726510365,-1.250032196,-1.877656887,1.935621414,-1.028891207,-1.707415302,2
"18",18,-0.716460129,-0.25129635,-0.614003201,-0.576914358,0.69117956,-0.709003185,-0.150546594,2
"19",19,0.104520551,-0.326260635,-0.826242506,-0.789779633,0.997337843,-1.007759788,-0.237791347,2
"20",20,-0.807680204,0.075505044,-0.612099828,-0.581716893,1.115080598,-0.920191443,-0.543474512,2
"21",21,-0.351579827,-0.553640787,-0.899926943,-0.762121015,0.748886103,-1.041618411,0.204385796,2
"22",22,-0.807680204,-1.146879333,-1.104947189,-1.559472312,0.865460237,-0.574597407,-0.60944956,2
"23",23,0.651841004,-0.283937531,-0.103159736,-0.403501992,-0.006219663,0.323300146,-0.424614012,2
"24",24,-0.260359751,-0.597562937,-0.378720265,-0.717387556,0.106397588,0.150554949,-0.372229434,2
"25",25,-1.355000658,-1.301423224,-1.135016177,-0.842132696,0.029304094,-1.027412926,1.334148641,2
"26",26,-0.716460129,-1.017459868,-0.700971267,-0.400331412,-0.39847969,-0.491275918,1.296515474,2
"27",27,-0.716460129,-1.533734566,-0.995354675,-0.704080865,-0.577985305,-0.611443228,1.744622514,2
"28",28,-1.355000658,-1.062650107,-0.976564798,-0.77376764,0.139244646,-0.859917226,0.933492776,2
"29",29,0.925501231,0.270243204,0.604744005,0.202124309,-0.422525158,1.005649755,-0.677095797,1
"30",30,0.651841004,-0.685062856,-0.023510707,-0.278188293,-0.708420188,0.695075053,0.196793033,1
"31",31,0.560620929,-0.019779228,0.458495864,0.130607423,-0.598786608,0.958313804,-0.332060002,1
"32",32,-0.0779196,-0.216690557,0.374574906,0.079894301,-0.7347956,0.957684659,-0.114067708,1
"33",33,-0.0779196,-2.369158478,-1.228973869,-1.300619741,-1.086971525,-0.119388441,1.895884461,2
"34",34,0.195740627,-1.479466021,-0.289985721,-0.503513287,-1.37768613,0.854485086,1.051055224,1
"35",35,0.378180778,-1.351946035,-0.296782349,-0.359038853,-1.301582419,0.641206937,1.216215947,1
"36",36,-0.169139676,-1.648436085,-0.375196255,-0.432474553,-1.594762344,0.740455063,1.550897027,1
"37",37,1.290381533,-0.421772196,0.694101684,0.749110154,-1.742965253,1.304513388,1.029367349,1
"38",38,-0.351579827,-0.261078786,0.467271111,0.239067461,-0.989205793,1.072499353,0.137792299,1
"39",39,0.104520551,-1.244542098,-0.355206318,-0.267401538,-1.164647189,0.3679915,1.364816344,1
"40",40,0.013300476,-0.486646492,-0.299670259,-0.245955758,-0.203156973,-0.062526805,0.408393981,2
"41",41,-0.442799902,-0.901508635,-0.729421456,-0.792897746,0.118054826,-0.379187756,0.321180417,2
"42",42,-0.990120356,-0.760452735,-0.700168586,-0.856369808,0.335327823,-0.370022858,-0.038027501,2
"43",43,-0.442799902,-0.688879722,-0.417832179,-0.492835071,-0.159343281,-0.020731588,0.282266282,2
"44",44,-0.534019978,-1.014147216,-1.090392541,-0.882402128,0.425727992,-1.096676895,0.794330852,2
"45",45,0.104520551,-1.006756111,-0.856153694,-0.600222504,-0.05780653,-0.72856422,1.071546764,2
"46",46,-0.351579827,-1.374843363,-0.952437177,-0.736987839,-0.363927827,-0.601724341,1.389803843,2
"47",47,-0.534019978,-0.846793579,-0.564798147,-0.396998198,-0.303503976,-0.302591373,0.891272183,2
"48",48,-0.260359751,-0.518861278,-0.751710965,-0.496252281,0.41303323,-0.891206017,0.538427663,2
"49",49,-0.534019978,-0.427648656,-0.925355402,-0.653967537,0.851949975,-1.254967544,0.3265984,2
"50",50,-0.351579827,-0.585715645,-0.670635616,-0.102925507,-0.081281241,-0.908778715,1.351249879,2
"51",51,1.016721307,0.115282879,0.384342569,0.651773549,-0.737174163,0.395675226,0.645120416,1
"52",52,0.560620929,0.031225559,0.421510995,0.676416498,-0.890902505,0.509366885,0.737745391,1
"53",53,-0.0779196,-0.730152753,-0.065595073,-0.032934695,-0.91510283,0.474445912,0.823319569,1
"54",54,-1.537440809,-0.769604684,-1.155056011,-1.132035511,1.062657545,-1.262270822,7.28e-06,2
"55",55,-1.811101036,-1.131126098,-1.164679014,-1.233728558,0.656898231,-0.959482597,0.240852241,2
"56",56,-0.260359751,1.050367512,0.201535755,0.551004524,0.616364702,-0.495111731,-0.318589296,2
"57",57,0.834281156,1.060304357,0.149742333,0.632865872,0.615122109,-0.649641462,-0.108903799,2
"58",58,0.104520551,0.649748608,-0.160253522,0.190954049,0.75299016,-0.776672196,-0.158277783,2
"59",59,-0.625240053,-0.245706011,-0.755055741,-0.290726886,0.606684615,-1.208595843,0.655851598,2
"60",60,-2.54086164,-0.594857618,-1.229983411,-0.8298283,1.114182896,-1.757386072,0.583222895,2
"61",61,-0.534019978,-0.45769666,-0.753271243,-0.244302707,0.287574151,-1.093423882,1.010529476,2
"62",62,0.104520551,0.901046458,0.365735677,0.514503637,0.320353602,-0.059379648,-0.431652281,1
"63",63,0.013300476,0.866060812,0.316822646,0.442537975,0.375987236,-0.092079321,-0.47652356,2
"64",64,-0.716460129,0.37021541,0.132110159,-0.005734568,0.286042476,0.121444111,-0.619915892,2
"65",65,-1.263780582,-0.325102031,-0.635388701,-0.492198913,0.546111285,-0.760653195,0.150485802,2
"66",66,-1.263780582,-0.354525507,-0.76258428,-0.27584423,0.459454314,-1.163342352,0.830089046,2
"67",67,-1.993541187,-1.250555235,-1.492599847,-1.206381423,0.836462342,-1.717864497,0.973500039,2
"68",68,0.560620929,-0.009254119,0.385956489,0.655494226,-0.895450228,0.478117399,0.787008108,1
"69",69,0.560620929,0.147940788,0.463899328,0.640208362,-0.758484763,0.538825017,0.48673802,1
"70",70,-0.990120356,-0.909031034,-1.283659117,-0.921826883,0.823056288,-1.616967441,0.859288994,2
"71",71,-0.89890028,-0.561849193,-0.866871357,-0.447291092,0.434499566,-1.158274128,0.863118755,2
"72",72,-1.355000658,-0.585605898,-1.079963995,-0.789237792,0.924786859,-1.428197181,0.443145957,2
"73",73,0.286960702,0.001329635,0.289790215,0.537716935,-0.714039129,0.350864131,0.668413947,1
"74",74,0.286960702,-0.071909171,0.21436327,0.480854406,-0.697569725,0.281602313,0.735213769,1
"75",75,-0.625240053,-0.479372749,-0.266007469,0.338928973,-0.675494769,-0.363661993,1.567262329,2
"76",76,-0.625240053,-0.191633353,-0.056260834,0.505175222,-0.621618621,-0.211377028,1.276561255,1
"77",77,-0.169139676,-0.148711203,-0.02123231,0.554664213,-0.635266565,-0.196529818,1.278395051,1
"78",78,-1.263780582,-0.432646242,-0.673800925,-0.29100514,0.277971987,-0.90106961,0.767318651,2
"79",79,-0.442799902,-0.203704646,-0.582657602,-0.248767387,0.451044149,-0.87514582,0.456154511,2
"80",80,-0.169139676,-0.237298101,-0.440033699,-0.086160548,0.134751029,-0.638566773,0.643152399,2
"81",81,0.560620929,0.428244971,0.20573641,0.480360233,-0.072440854,-0.059741934,0.195954679,1
"82",82,0.104520551,0.179554188,-0.206197455,-0.010649194,0.377207934,-0.454937219,0.009240828,2
"83",83,-1.71988096,-0.620976526,-0.736204263,-0.240375485,0.048882669,-0.947954496,1.196091061,2
"84",84,-1.081340431,-0.672911558,-0.546870668,-0.028166471,-0.380211753,-0.619350881,1.439493754,2
"85",85,-0.807680204,-0.97465309,-0.903447614,-0.28660896,-0.225401767,-1.065048176,1.791387077,2
"86",86,0.378180778,0.271126436,0.477095288,0.83188522,-0.753108205,0.36938361,0.70589835,1
"87",87,0.104520551,0.261673731,0.400858379,0.654877864,-0.574350869,0.331602676,0.471282388,1
"88",88,0.74306108,0.440741852,0.680981481,1.060683867,-0.878999152,0.519715699,0.704831154,1
"89",89,0.560620929,0.493123049,0.42598603,0.736341469,-0.374092845,0.184711588,0.348993037,1
"90",90,0.560620929,0.577831411,0.511209969,0.729803998,-0.342937698,0.301218362,0.142656489,1
"91",91,0.651841004,0.440377863,0.645201089,0.293820007,-0.317451264,0.913757639,-0.721341442,1
"92",92,1.199161458,1.213610319,0.640668859,0.479354609,0.460031107,0.298196487,-1.135270098,1
"93",93,1.016721307,1.034115908,0.466659454,0.365385367,0.492041099,0.141299251,-0.975492139,1
"94",94,1.928922062,1.634618944,1.547258293,1.395939867,-0.446409951,1.164169978,-0.852027567,1
"95",95,1.746481911,0.929722497,1.684236068,1.493192594,-1.392890278,1.779760462,-0.168322791,1
"96",96,1.655261836,1.168574238,1.882998826,1.578987056,-1.32872696,1.920549918,-0.459996965,1
"97",97,1.56404176,1.109931462,1.582498718,1.384800013,-1.044672223,1.553262718,-0.419840937,1
"98",98,0.651841004,0.959692139,1.838936705,1.357679372,-1.394076239,2.107657626,-0.607152386,1
"99",99,1.837701987,1.083316596,1.679736864,1.499171433,-1.220495166,1.672123178,-0.298888012,1
"100",100,0.834281156,0.606125471,1.579278992,1.148034645,-1.468346297,2.010645531,-0.358182858,1
"101",101,1.746481911,1.238831503,2.233008168,1.874472466,-1.68453145,2.289876428,-0.388341363,1
"102",102,1.746481911,1.401591463,2.171976148,1.970982543,-1.519519844,2.034094134,-0.307998205,1
"103",103,1.290381533,1.025362919,1.97511401,1.636240929,-1.591179162,2.132818581,-0.326284214,1
"104",104,1.655261836,1.399119397,2.065553341,1.872469856,-1.386935281,1.915849325,-0.360745933,1
"105",105,-0.351579827,0.56414147,-0.545804338,-0.291233633,1.414912874,-1.262101412,-0.562617448,2
"106",106,-2.905741942,-1.999392974,-2.256422237,-2.335678255,1.815242127,-2.489965292,0.448591099,2
"107",107,-0.89890028,-0.179954711,-1.080913056,-0.515934444,1.227261647,-1.865652892,0.548206069,2
"108",108,-1.355000658,-0.59869597,-1.215652085,-1.199669209,1.428805725,-1.485387599,-0.284681545,2
"109",109,-1.172560507,-0.754019233,-1.168960035,-1.141066334,1.1081947,-1.301225893,-0.020336462,2
"110",110,-0.716460129,-0.735843565,-1.033844219,-0.921847743,0.785842266,-1.129902268,0.264044581,2
"111",111,-0.351579827,0.103337558,-0.613627591,-0.679364717,1.234342407,-0.881808286,-0.785473407,2
"112",112,-0.442799902,-0.091708419,-0.344317846,-0.676814516,0.703027654,-0.155578001,-0.913315487,2
"113",113,-0.625240053,-0.260554583,-0.557875687,-0.333087523,0.420587563,-0.730046347,0.309753776,2
"114",114,-1.902321111,-0.584631117,-1.035439662,-0.819090077,0.903604228,-1.303883527,0.309876695,2
"115",115,-0.716460129,-0.286103595,-0.332025726,0.064013201,-0.151360703,-0.464079108,0.865420134,2
"116",116,0.651841004,0.271174929,0.351199224,0.537184564,-0.435229853,0.297904207,0.294461014,1
"117",117,0.74306108,0.497808418,0.727077107,1.090206754,-0.869591521,0.55405159,0.643660808,1
"118",118,-0.260359751,0.48778978,-0.217285169,-0.228608966,0.940275699,-0.546386874,-0.766814436,2
"119",119,0.286960702,0.627403828,0.262902444,0.329208267,0.225718004,0.017673015,-0.384126549,2
"120",120,0.195740627,0.490295534,0.104508939,0.142922134,0.346069359,-0.103074553,-0.41397929,2
"121",121,1.655261836,1.31798835,1.19410212,1.028664797,-0.272499078,0.941986358,-0.831052236,1
"122",122,-0.625240053,0.358422904,-0.704788069,-0.978864114,1.911594549,-1.070579002,-1.613022853,2
"123",123,-0.625240053,0.83445274,-0.446956679,-0.751411558,2.023475047,-0.94739073,-1.957222834,2
"124",124,0.834281156,0.577778264,-0.21943123,-0.382097727,1.174889792,-0.516679223,-1.181319751,2
"125",125,1.928922062,1.938259204,1.869028365,1.550718346,-0.468613589,1.444026174,-1.192729659,1
"126",126,0.834281156,1.156875392,0.42838345,0.04404875,0.905433875,0.177694398,-1.684417022,2
"127",127,-0.351579827,0.299284827,-0.688522154,-1.072735195,1.901889549,-0.936571622,-1.777646079,2
"128",128,-0.442799902,0.553448111,-0.539064413,-0.933108087,1.93487138,-0.857121209,-1.937092078,2
"129",129,0.834281156,0.872519846,0.107954387,-0.23273358,1.088098816,-0.116692806,-1.580370048,2
"130",130,2.932342893,2.232648675,3.433879917,3.012812071,-2.083304004,2.919836462,-0.598399122,1
"131",131,0.651841004,0.989425086,1.038678735,0.810139554,-0.368975024,0.991031076,-0.74294302,1
"132",132,1.837701987,1.545711294,1.956833313,1.582159923,-0.973800802,1.810271818,-0.878434547,1
"133",133,0.651841004,0.656932397,0.822433016,0.558298394,-0.399679536,0.950211516,-0.639056288,1
"134",134,2.020142138,0.870993323,2.058695414,1.76993412,-1.904518078,2.292337861,-0.040427881,1
"135",135,1.928922062,1.035963467,1.821271519,1.529510903,-1.399789181,1.927398285,-0.355746821,1
"136",136,1.199161458,1.077164929,2.122668887,1.820775882,-1.751047649,2.23945003,-0.214366662,1
"137",137,1.290381533,0.519041077,1.674432759,1.192892728,-1.67140921,2.208088625,-0.299361815,1
"138",138,1.290381533,1.268669275,1.432725561,1.074234313,-0.551438957,1.371925449,-0.963584247,1
"139",139,0.560620929,1.239362744,1.074996344,0.798405928,-0.107689687,0.907607706,-1.047972428,1
"140",140,0.74306108,0.789062235,0.842263939,0.375482168,-0.134252552,1.012680177,-1.146790046,1
"141",141,0.834281156,0.408226897,0.547508558,0.137792255,-0.156987052,0.840908094,-0.879615988,1
"142",142,0.834281156,0.834659025,1.098216872,0.767936899,-0.568650548,1.224421055,-0.737845871,1
"143",143,0.195740627,0.71156383,0.909721926,0.553298826,-0.406954773,1.082617811,-0.805406774,1
"144",144,0.195740627,0.639929996,0.717479936,0.442341988,-0.247738587,0.831316443,-0.721833643,1
"145",145,0.378180778,-1.374222464,-0.803263835,-1.186604861,-0.136023154,0.069791168,0.123363737,2
"146",146,0.925501231,-0.754877963,-0.333236069,-0.728578747,-0.143123175,0.373292297,-0.273233263,2
"147",147,1.290381533,0.425478551,0.551043559,0.233692734,-0.208523378,0.776931819,-0.711345321,1
"148",148,-0.807680204,-1.412744927,-1.164164525,-1.069415937,0.100440068,-0.863967621,1.000890722,2
"149",149,-1.172560507,-2.005793889,-1.638144035,-1.529600954,0.174737179,-1.318296097,1.492928881,2
"150",150,1.381601609,0.126526751,0.480482762,0.916697506,-0.990993626,0.418110171,1.020203975,1
"151",151,0.013300476,-0.527822098,-0.567263913,-0.28221042,0.036681235,-0.602791058,0.751641012,2
"152",152,-0.0779196,-1.483014706,-0.78557244,-1.080035958,-0.405716131,0.119453363,0.487194388,2
"153",153,-0.716460129,-1.507801597,-1.102721673,-1.571186877,0.346159903,-0.283748001,-0.171282658,2
"154",154,-0.534019978,-1.483424837,-1.128043272,-1.615264782,0.452358244,-0.334306916,-0.27287905,2
"155",155,-1.081340431,-1.831125766,-1.493158787,-2.005546041,0.735938037,-0.71766761,-0.210360363,2
"156",156,-1.081340431,-1.142157716,-1.100558122,-1.976047055,1.26083174,-0.269199198,-1.651166445,2
"157",157,-1.081340431,-0.960262238,-1.128287022,-2.054553157,1.631074814,-0.423134331,-2.035379297,2
"158",158,-0.534019978,-0.91972436,-0.70729958,-1.342100772,0.542968146,0.062555941,-0.950962234,2
"159",159,-0.169139676,-1.005579447,-0.884550519,-1.59565363,0.8476296,-0.116330324,-1.196933609,2
"160",160,0.104520551,-0.021787687,-0.302311963,-0.545517473,0.642779458,-0.195595944,-0.763337924,2
"161",161,0.195740627,0.218875712,0.448000347,0.22156377,-0.359039494,0.718455344,-0.392439741,1
"162",162,-1.446220733,-2.478126907,-1.833233323,-2.221651336,0.343802412,-0.959102712,0.74021805,2
"163",163,-0.807680204,-1.826232523,-1.379623055,-1.626502411,0.238909606,-0.702386413,0.562636208,2
"164",164,-2.267201413,-1.533257355,-1.905734041,-2.247111792,1.970943011,-1.901550303,-0.590876974,2
"165",165,-1.355000658,-1.218439091,-1.445039423,-1.657053496,1.256283523,-1.3140701,-0.239505466,2
"166",166,-1.811101036,-1.799283991,-2.027517884,-2.40399295,1.893487615,-1.928232038,-0.431352124,2
"167",167,-0.260359751,-1.448166943,-0.683754785,-0.664671384,-0.810460529,0.040626359,1.239343892,2
"168",168,-0.0779196,-1.545989178,-0.944805165,-0.955384148,-0.434864823,-0.305118771,1.104394855,2
"169",169,0.104520551,-1.827834842,-1.028879889,-1.134023358,-0.610033325,-0.167711586,1.199374301,2
"170",170,-1.355000658,-2.336088563,-1.612976463,-1.832388422,-0.089873811,-0.762849465,1.168826539,2
"171",171,-0.716460129,0.691731973,-0.356344839,-0.096067208,1.220202508,-1.048066034,-0.539433081,2
"172",172,-1.172560507,0.887456804,-0.284845519,-0.008572087,1.313658126,-1.068323417,-0.661412901,2
"173",173,-0.0779196,0.934788769,-0.257695279,-0.089219172,1.406838874,-0.994425015,-0.909507629,2
"174",174,-1.172560507,-1.398817041,-1.417898729,-0.97620855,0.321528698,-1.574302881,1.602663155,2
"175",175,-0.169139676,-0.489829905,-0.740656267,-0.246496998,0.233799303,-1.042038905,1.027318204,2
"176",176,-1.263780582,-1.261763134,-1.146279579,-0.718863322,-0.008847909,-1.165327299,1.580429811,2
"177",177,-0.351579827,0.531445794,0.42588745,0.827788636,-0.392412639,0.106737826,0.483045283,1
"178",178,-0.169139676,-0.306306462,-0.454875466,-0.151041371,0.111224461,-0.585022159,0.608745262,2
"179",179,-0.534019978,0.225101476,0.228328002,0.525554336,-0.373406027,0.088827677,0.476773088,1
"180",180,0.104520551,-0.781101498,-0.326803594,-0.346951375,-0.490747261,0.150243245,0.581567388,2
"181",181,-0.260359751,-0.542601741,-0.492559486,-0.849392696,0.406692297,-0.05597502,-0.57407344,2
"182",182,-0.351579827,-1.005146853,-0.779428808,-1.060591946,0.255888471,-0.239359616,-0.086820796,2
"183",183,-1.71988096,-0.494175852,-1.285433412,-1.209377201,1.660598522,-1.721896119,-0.336864353,2
"184",184,-0.625240053,-1.302180932,-1.228333754,-1.205093222,0.456173439,-1.012141637,0.632099946,2
"185",185,-1.446220733,-0.893554656,-1.203940982,-1.12233583,0.936482893,-1.301153214,0.253714134,2
"186",186,-0.534019978,0.001433331,-0.401698946,-0.153890229,0.456999639,-0.670665134,0.17180606,2
"187",187,-0.534019978,-0.066006767,-0.488450024,-0.313425598,0.585912999,-0.717972079,0.02957274,2
"188",188,-0.260359751,0.029830885,-0.379209036,0.033627163,0.322655999,-0.754193383,0.498563206,2
"189",189,1.290381533,1.273413179,1.858989165,1.555466991,-1.180568007,1.828222577,-0.572445618,1
"190",190,1.655261836,1.539379439,2.387011538,2.129564055,-1.616844379,2.210517402,-0.389742183,1
"191",191,2.476242516,1.999001638,2.802930774,2.572137842,-1.671104982,2.347104457,-0.486697094,1
"192",192,1.746481911,1.53542367,2.367204949,2.139454283,-1.612652027,2.175418415,-0.349259452,1
"193",193,1.381601609,1.406560009,1.40618968,1.07834427,-0.379675513,1.237022,-1.056492733,1
"194",194,1.472821684,1.528943972,2.079742037,1.649494113,-1.124607427,1.987096677,-0.875330998,1
"195",195,1.472821684,1.30086401,1.198774296,0.787493709,-0.135006152,1.10057574,-1.26372616,1
"196",196,1.472821684,1.601566422,2.036971448,1.696695142,-1.042833576,1.844883107,-0.814740202,1
"197",197,1.746481911,1.488100459,1.7223183,1.330704815,-0.701739633,1.591858437,-1.019229637,1
"198",198,0.104520551,0.947397426,1.608026592,1.03671231,-1.028755137,1.906942681,-0.920630872,1
"199",199,1.655261836,1.8370189,2.057355667,1.828041617,-0.885840602,1.663460904,-0.821541482,1
"200",200,1.746481911,1.448891527,1.704892061,1.394719177,-0.770976816,1.549392749,-0.851610623,1
"201",201,1.928922062,1.723016094,2.112568355,1.817624611,-1.041345033,1.828360829,-0.794909252,1
"202",202,1.56404176,1.800272278,1.761462615,1.467828796,-0.480832858,1.391293151,-1.10234307,1
"203",203,2.020142138,1.538276268,2.09976457,1.843722707,-1.244841623,1.904125676,-0.571849422,1
"204",204,1.746481911,1.346892287,1.999355991,1.718697384,-1.303654504,1.925379052,-0.506517443,1
"205",205,1.655261836,1.354278896,1.925825977,1.667815887,-1.210198393,1.826616733,-0.522980519,1
"206",206,1.655261836,1.340364588,1.789639722,1.525919696,-1.036202628,1.685888809,-0.61162434,1
"207",207,-1.263780582,-0.386966711,-0.912403206,-0.797055301,1.016033038,-1.162221338,-0.060029288,2
"208",208,0.195740627,-0.184533758,0.329173741,-0.054088859,-0.554171904,0.929858444,-0.365043627,1
"209",209,0.925501231,0.497723298,1.160134518,0.741859493,-0.997056891,1.574116719,-0.523891328,1
"210",210,0.925501231,-0.077842735,0.702199403,0.362413174,-1.051372204,1.331653619,-0.111281662,1
"211",211,-1.537440809,-0.87394623,-1.053666381,-0.894927477,0.592807568,-1.098490672,0.530016171,2
"212",212,-0.716460129,-0.602877088,-0.788013886,-0.497235898,0.338818486,-0.916817451,0.691340035,2
"213",213,-0.990120356,-0.812352762,-0.607308105,-0.453369424,-0.16763349,-0.386370902,0.786953877,2
"214",214,-0.990120356,-0.963470532,-1.194915726,-0.895644867,0.624071861,-1.378141672,0.855976578,2
"215",215,-0.625240053,-0.062595769,-0.626712459,-0.553467303,0.929734622,-0.878817503,-0.303168709,2
"216",216,-0.716460129,-0.366541592,-1.16499606,-1.208985979,1.693519167,-1.515523893,-0.666806878,2
"217",217,-0.716460129,-0.215905496,-0.985454991,-0.99908063,1.500705726,-1.321855079,-0.619276503,2
"218",218,-0.807680204,0.12869207,-0.434528683,-0.327260127,0.790393447,-0.719580399,-0.294730846,2
"219",219,0.834281156,0.295970843,0.288651882,0.34552892,-0.210454105,0.272913053,-0.030816725,1
"220",220,-0.0779196,0.25035529,0.324691219,0.226849891,-0.212522021,0.447856671,-0.262654964,1
"221",221,-0.0779196,-0.167949249,0.14243516,0.153337599,-0.514514292,0.402718098,0.28016422,1
"222",222,-0.351579827,-0.469832244,0.080171132,0.051633802,-0.770525743,0.545371587,0.497163087,1
"223",223,-0.260359751,-0.22120534,-0.074646605,-0.03872765,-0.235078067,0.106824715,0.231734337,2
"224",224,-0.351579827,-0.142755077,-0.001800594,0.03107879,-0.256629788,0.162996717,0.190642882,2
"225",225,0.104520551,0.062112159,0.124716998,0.173071246,-0.222575422,0.199704546,0.086934439,1
"226",226,-0.442799902,-0.144117877,-0.110200147,-0.076662788,-0.073229026,0.003360043,0.11239837,2
"227",227,0.104520551,-0.326568988,-0.198741357,-0.240828095,-0.095839508,0.042623429,0.095723975,2
"228",228,0.013300476,-0.036546857,0.041233951,0.642743214,-0.614427617,-0.193244083,1.240708091,1
"229",229,-0.534019978,-0.508630677,-0.490923399,-0.095647469,-0.162944353,-0.563445215,1.017471022,2
"230",230,0.013300476,-0.321897482,-0.256837062,0.286056748,-0.439348672,-0.415535646,1.259963608,2
"231",231,-0.534019978,0.209492839,-0.057692766,-0.060252134,0.309809891,-0.131910971,-0.317330144,2
"232",232,-0.351579827,0.289014952,0.077638068,0.169566199,0.105335425,-0.043875787,-0.109201415,2
"233",233,-0.625240053,0.389181164,0.417136306,0.552864671,-0.361520783,0.342830089,0.116395556,1
"234",234,0.195740627,0.658620115,0.2046827,0.377814681,0.280571807,-0.147205661,-0.250092439,2
"235",235,-0.0779196,0.85363379,0.02890242,0.211409556,0.800208581,-0.526703752,-0.569644679,2
"236",236,0.013300476,-0.363898113,-0.801730093,-1.081078411,1.174682693,-0.738013902,-0.883495601,2
"237",237,0.286960702,0.17574191,-0.481810668,-0.65586663,1.168544359,-0.651992476,-0.989315831,2
"238",238,0.104520551,0.898646603,0.64341371,0.505148074,0.076744539,0.48573753,-0.775401764,1
"239",239,-2.175981338,-0.774214393,-2.025864279,-2.636535217,3.679710341,-2.530824288,-2.47322703,2
"240",240,-1.71988096,-0.701277051,-1.909409271,-2.440822247,3.403240008,-2.392621612,-2.21758212,2
"241",241,-1.081340431,0.427452143,-0.216486626,-0.621231425,1.18149923,-0.265605735,-1.529337141,2
"242",242,0.834281156,0.653055517,-0.00349106,-0.223359285,0.926942574,-0.209488682,-1.198348447,2
"243",243,1.016721307,1.293021035,0.06101836,-0.131797175,1.544986624,-0.535526767,-1.746868949,2
"244",244,0.286960702,0.693748501,0.089038752,0.344492495,0.453975085,-0.382516903,-0.210661922,2
"245",245,0.013300476,0.742491612,-0.275419265,-0.159964321,1.251789742,-0.871436332,-0.827270047,2
"246",246,0.286960702,0.811340707,-0.124400108,0.084362633,0.993979264,-0.741065696,-0.590889765,2
"247",247,0.195740627,0.037179432,0.152000487,0.314260704,-0.383205631,0.185028898,0.363115747,1
"248",248,0.286960702,-0.163457355,-0.001150858,0.22132692,-0.426492521,0.059342233,0.601159859,1
"249",249,-0.625240053,1.099633939,-0.368818829,-0.476615499,2.027079686,-1.107520707,-1.747748831,2
"250",250,0.286960702,1.042733957,-0.149768812,-0.08527299,1.424270404,-0.838735616,-1.146598527,2
"251",251,0.013300476,0.844310374,0.697308369,0.469081564,-0.008529578,0.644839119,-0.853103085,1
"252",252,-0.534019978,-0.734881704,-0.925689121,-0.78998907,0.554231271,-0.959005329,0.40412476,2
"253",253,-0.89890028,-1.274924119,-1.243674962,-1.197663042,0.506409882,-1.075542152,0.63711036,2
"254",254,-0.351579827,0.566724528,-0.34094518,-0.212864488,1.147024356,-0.868637382,-0.663767811,2
"255",255,-0.716460129,0.643549155,-0.20261865,-0.044757774,0.969812797,-0.723788471,-0.575528754,2
"256",256,-0.351579827,0.58572954,-0.696587698,-0.649478391,1.899423515,-1.397137116,-1.154667897,2
"257",257,-1.081340431,-0.548001976,-0.71333042,-0.340170551,0.205144652,-0.882352171,0.858433993,2
"258",258,-0.89890028,-0.648728969,-0.649181033,-0.24495118,-0.072791726,-0.728657627,1.095597084,2
"259",259,-0.625240053,-0.828416773,-1.216364183,-0.934914785,0.87191553,-1.498887741,0.622572722,2
"260",260,-0.260359751,-0.287399901,-0.854263895,-0.24675305,0.61809722,-1.433747106,0.940254105,2
"261",261,-0.442799902,-0.548541012,-0.776828952,-0.638555673,0.519116443,-0.838083332,0.297657782,2
"262",262,-1.537440809,-1.101327435,-1.038841863,-0.83939687,0.208642613,-0.93851068,0.928331232,2
"263",263,-1.081340431,-0.943203999,-1.030852033,-0.880842336,0.458842237,-1.004086802,0.617012633,2
"264",264,-0.990120356,-0.063332615,-0.273928845,0.15157424,0.011015304,-0.539265131,0.707233724,2
"265",265,0.195740627,-0.038726784,-0.159613039,0.199534198,-0.103243647,-0.341913684,0.624397143,2
"266",266,1.928922062,1.307447838,1.147518403,1.671199633,-0.663542358,0.5036995,0.382368548,1
"267",267,0.560620929,0.180409311,0.055273935,0.157781313,0.000858792,-0.011788898,0.014474213,2
"268",268,0.013300476,0.206415347,-0.214937155,-0.234622546,0.594895567,-0.354504461,-0.473301209,2
"269",269,-0.625240053,-0.107947877,-0.938623779,-0.804899192,1.418758085,-1.405135438,-0.376506102,2
"270",270,0.104520551,0.58598178,-0.507888347,-0.337305214,1.44063807,-1.166528488,-0.732147706,2
"271",271,-0.260359751,0.002639091,-1.022067013,-0.949018528,1.781947673,-1.584277872,-0.715576781,2
"272",272,0.195740627,0.022340803,-0.52172292,-0.577268057,0.949593993,-0.686724353,-0.593065597,2
"273",273,0.378180778,0.439727935,-0.02453056,-0.017257921,0.528703516,-0.239270316,-0.52250654,2
"274",274,0.286960702,0.359781039,-0.236764207,-0.432564353,0.965349252,-0.380515791,-1.02979129,2
"275",275,0.469400853,0.164211051,-0.491512616,-0.677638291,1.182258427,-0.652178051,-1.01096174,2
"276",276,1.381601609,1.580209111,2.497053657,2.117772617,-1.644450585,2.368916971,-0.558570411,1
"277",277,0.560620929,1.432764311,2.340377608,1.937456583,-1.587846265,2.309246412,-0.568740178,1
"278",278,0.378180778,1.619633613,2.211024482,2.065580759,-1.368668716,1.912960423,-0.386026668,1
"279",279,0.286960702,1.055192469,1.568422356,1.139676649,-0.940814966,1.706961238,-0.792239818,1
"280",280,0.560620929,0.966126337,1.366534588,0.90557629,-0.729527146,1.545016702,-0.911905643,1
"281",281,1.472821684,1.141533642,2.172222836,1.699359687,-1.644956479,2.352378202,-0.535533143,1
"282",282,-0.625240053,0.712932638,1.075575141,0.535638881,-0.534519577,1.402438499,-1.031609316,1
"283",283,0.286960702,0.045916892,-0.338477067,-0.956610737,1.106031412,-0.057513008,-1.688543436,2
"284",284,-0.442799902,0.032919778,-0.248144062,-0.90394208,0.951501399,0.114846437,-1.673493358,2
"285",285,-0.351579827,0.243072755,-0.792976714,-1.466433141,2.300179752,-0.889084056,-2.477367988,2
"286",286,-0.625240053,0.629589006,0.340913661,-0.20759791,0.556554191,0.497419202,-1.557148008,2
"287",287,0.378180778,0.822901468,0.864564558,0.449300379,-0.165707152,0.988177829,-1.063637538,1
"288",288,-0.442799902,0.228394566,0.17318528,-0.393126437,0.368343292,0.543029699,-1.317962582,2
"289",289,-0.89890028,-0.550788968,-0.810145373,-1.106728526,0.955694244,-0.609215475,-0.706983933,2
"290",290,0.013300476,-0.259491854,0.578107083,0.012640196,-0.923906341,1.44101916,-0.461785642,1
"291",291,0.195740627,-1.05728265,-0.414975702,-0.968154533,-0.27994602,0.580012469,-0.332637624,2
"292",292,-0.89890028,-0.840520598,-0.708179827,-0.690196175,0.093516141,-0.441907046,0.444658306,2
"293",293,-0.260359751,-1.014747845,-0.397688418,-0.055957187,-0.967974324,-0.033352414,1.590258156,2
"294",294,-0.260359751,-0.449593402,-0.459970466,-0.754790093,0.418208725,-0.111455628,-0.517889327,2
"295",295,-1.71988096,-1.053800076,-1.078203573,-0.913307382,0.383606815,-1.018558884,0.756582213,2
"296",296,0.195740627,-1.56902321,-0.576049486,-0.733949464,-1.039252973,0.432690457,1.077655739,2
"297",297,-0.89890028,-1.828199883,-1.208141438,-1.362143531,-0.207800453,-0.451967621,0.939250691,2
"298",298,-1.263780582,-2.565566372,-1.373750667,-1.791462582,-0.79165487,0.045626858,1.202598317,2
"299",299,1.56404176,0.69474416,1.619870902,1.114646489,-1.376534355,2.044658051,-0.55048203,1
"300",300,1.290381533,0.207329367,0.840168975,0.394952741,-0.841258109,1.383248028,-0.516088911,1
"301",301,1.472821684,0.572356898,1.42881631,0.86466049,-1.208347344,1.93845368,-0.676254551,1
"302",302,0.195740627,-0.037764062,0.27643013,0.16613011,-0.482147447,0.58088468,-0.010983147,1
"303",303,0.104520551,-0.503938665,0.130514234,-0.122002858,-0.732281385,0.788145152,0.109794293,1
"304",304,0.195740627,-0.412887435,0.226358036,0.168095832,-0.916425596,0.734002552,0.476564135,1
"305",305,-0.260359751,-0.159751997,-0.163413825,-0.401443852,0.21179338,0.106770874,-0.481650497,2
"306",306,-0.716460129,-0.190222531,-0.524043019,-0.792844844,0.857931366,-0.411240685,-0.816995234,2
"307",307,-0.716460129,-0.754267373,-0.612404334,-0.824125586,0.2241286,-0.193767761,-0.097393751,2
"308",308,-0.990120356,-0.722680563,-0.702545002,-0.971804624,0.488180687,-0.325431624,-0.342001015,2
"309",309,0.651841004,-0.219011184,-0.383916571,-0.232863685,0.219424757,-0.436966775,0.236997335,2
"310",310,-1.172560507,-0.870047276,-0.869946555,-0.883657959,0.388843935,-0.670631109,0.28057503,2
"311",311,-0.169139676,-0.612463932,-0.776547543,-0.664855861,0.454916688,-0.776471889,0.317345312,2
"312",312,-0.716460129,-0.979886664,-1.076775146,-1.061511704,0.61771677,-0.969249198,0.316534905,2
"313",313,-0.625240053,-1.166517582,-1.025043221,-0.877944529,0.134579764,-0.832680524,0.904331991,2
"314",314,0.925501231,-0.820771943,-0.537547302,-0.244307582,-0.417869879,-0.358880378,1.149521608,2
"315",315,-1.537440809,-1.515361724,-1.043847513,-1.007839798,-0.237093302,-0.533288976,1.095321633,2
"316",316,-1.446220733,-1.460062663,-1.037387283,-0.988513099,-0.179790091,-0.572210282,1.05614738,2
"317",317,-0.716460129,-1.296587661,-0.749840887,-0.6146717,-0.56582552,-0.260894647,1.254040282,2
"318",318,-1.71988096,-1.668657836,-1.045488309,-0.943553376,-0.518547506,-0.467083514,1.455694259,2
"319",319,0.74306108,1.184526282,0.476182885,0.83662686,0.31871953,-0.20164015,-0.2378327,1
"320",320,2.38502244,1.921869015,2.075354029,2.270634283,-1.070775069,1.401472685,-0.174146853,1
"321",321,1.472821684,1.661778985,0.653300097,1.11391936,0.5048331,-0.300623308,-0.401932184,1
"322",322,-0.0779196,0.696809905,-0.388257342,-0.232550026,1.368059483,-1.039866036,-0.78651721,2
"323",323,0.651841004,0.987567095,-0.084225175,0.120123988,1.13558607,-0.787537453,-0.754511417,2
"324",324,-1.71988096,-1.102671593,-0.96013857,-0.675997215,-0.01863544,-0.856966074,1.181591271,2
"325",325,-1.355000658,-1.679781014,-1.403696977,-1.159378216,0.054669528,-1.209365717,1.538211934,2
"326",326,-1.263780582,-1.7404827,-1.184566971,-0.779470048,-0.618153969,-0.872224979,2.15926827,2
"327",327,0.378180778,0.088351081,-0.129000533,0.417648535,-0.136569765,-0.491124955,0.878157531,2
"328",328,1.837701987,1.133109309,1.49040974,1.767442837,-1.184930746,1.159198094,0.333748199,1
"329",329,0.378180778,1.582272488,0.681453125,1.022679124,0.456145452,-0.152425696,-0.523390102,1
"330",330,1.016721307,1.835095418,1.070865255,1.418639055,0.137898448,0.19626498,-0.483960724,1
"331",331,0.286960702,1.038428517,-0.005875888,0.212494201,1.049160563,-0.711560046,-0.718648264,2
"332",332,0.195740627,1.305005076,0.583097992,0.796734787,0.389623601,-0.047768178,-0.557853048,1
"333",333,1.381601609,1.987181095,2.106437287,2.142645106,-0.950472663,1.483400762,-0.476335545,1
"334",334,-0.351579827,-0.64595926,-0.611596481,-0.292570225,-0.068401769,-0.6153321,0.936268658,2
"335",335,-0.260359751,-1.053261435,-0.619195104,-0.21183989,-0.682414361,-0.402337626,1.630293367,2
"336",336,1.928922062,1.060666707,1.261308506,1.616376419,-0.994285476,0.884863534,0.398101558,1
"337",337,-1.172560507,-0.195419983,-0.539876182,-0.50334853,0.626511226,-0.627138401,-0.157333243,2
"338",338,-0.351579827,-0.049409745,-0.321968455,0.008568655,0.185919857,-0.564274667,0.46160307,2
"339",339,-0.89890028,-0.467149776,-0.567475639,-0.264850043,0.103441464,-0.65535278,0.715701901,2
"340",340,-0.716460129,-0.692347677,-0.856203132,-0.578463058,0.357406346,-0.961777227,0.722093335,2
"341",341,0.560620929,0.586336906,0.339206466,1.005685785,-0.375989385,-0.19962561,0.868604373,1
"342",342,-0.625240053,0.500494536,0.01382711,0.354225417,0.284581699,-0.419978832,0.110137029,2
"343",343,1.472821684,1.046592777,1.124939516,1.308415904,-0.704444484,0.823685818,0.017581267,1
"344",344,-0.534019978,0.359706345,-0.13861953,0.187252363,0.382817272,-0.547279032,0.124400706,2
"345",345,-0.625240053,-0.028011588,-0.291995902,-0.019210493,0.205678093,-0.496979479,0.339607217,2
"346",346,-0.169139676,0.400322535,-0.05335669,0.343045824,0.233954654,-0.488187491,0.282644676,2
"347",347,1.381601609,1.420762149,1.291352707,1.027417377,-0.23731165,1.053705324,-1.037391324,1
"348",348,1.107941382,1.575717876,0.793693044,0.608962484,0.639852144,0.29034411,-1.411810964,1
"349",349,0.378180778,0.612044631,-0.036096923,-0.366213392,1.021688197,-0.163873687,-1.410926175,2
"350",350,-0.442799902,-0.32891933,-1.332623401,-1.709357974,2.416040344,-1.631827427,-1.664033244,2
"351",351,-0.716460129,-0.020578079,-0.756726114,-1.259613147,1.734191805,-0.756687017,-1.751687406,2
"352",352,0.925501231,1.381836515,0.803391435,0.619357865,0.408066151,0.420805741,-1.217102652,1
"353",353,1.107941382,1.949293026,1.283089606,1.022526453,0.347434818,0.722347214,-1.525599635,1
"354",354,0.925501231,1.263277021,0.588108256,0.363912518,0.646378884,0.233740923,-1.34615158,1
"355",355,-0.89890028,0.694908047,-0.534756672,-0.990088488,2.152544143,-0.905424408,-2.219695922,2
"356",356,0.925501231,0.888649973,0.320614811,0.114290957,0.641203225,0.093787045,-1.149777861,2
"357",357,0.560620929,1.61807406,0.59571917,0.356419502,1.04336229,0.03495037,-1.712767401,2
"358",358,-0.260359751,1.625417307,0.239237634,0.083117077,1.584615976,-0.504605607,-1.851700483,2
"359",359,-0.351579827,0.705802889,-0.761455994,-1.106067226,2.515700476,-1.34739807,-2.205445036,2
"360",360,-0.260359751,0.78326037,-0.400039946,-0.450958973,1.662458406,-0.991547585,-1.321487192,2
"361",361,1.107941382,1.106226734,1.613077076,1.366085776,-1.060910932,1.619738167,-0.483263775,1
"362",362,0.378180778,0.891883864,0.985204983,0.652097159,-0.328971259,1.047935798,-0.88329646,1
"363",363,1.016721307,1.271336811,2.065470612,1.787559595,-1.476001381,2.042746304,-0.389107263,1
"364",364,-1.263780582,-0.361944182,-1.67940947,-1.98440521,3.081040237,-2.314777108,-1.807800641,2
"365",365,-0.169139676,-0.397686528,-1.869708068,-2.531438228,3.869898446,-2.440274352,-2.898581014,2
"366",366,0.195740627,-0.608559519,0.043486064,-0.257831992,-0.685800926,0.769338804,0.060862923,1
"367",367,0.378180778,-0.887513717,-0.019654971,-0.361892762,-0.920741142,0.907024581,0.250897162,1
"368",368,1.107941382,0.010820474,0.557131541,0.332510157,-0.793005951,1.005208858,-0.085008289,1
"369",369,-0.89890028,-1.317789624,-0.841612876,-0.532134037,-0.56986691,-0.517491987,1.605382178,2
"370",370,0.013300476,-0.906971324,-0.539473762,-0.63015548,-0.221980686,-0.047358178,0.418059193,2
"372",372,-0.534019978,-0.826913919,-0.574261895,-0.576186029,-0.120715237,-0.21994798,0.488358832,2
"373",373,-0.625240053,-0.569275,-0.680996326,-1.32994009,0.98567852,-0.144457814,-1.379531209,2
"374",374,-0.260359751,-0.518054363,-0.426841172,-0.908817012,0.420837519,0.11404345,-0.825177096,2
"375",375,0.195740627,-0.814498206,-0.83178765,-1.307338437,0.795996748,-0.334381745,-0.821418125,2
"376",376,0.195740627,-0.738370039,-0.802441647,-0.635426803,0.286235087,-0.768162841,0.575487588,2
"377",377,-1.902321111,-1.280366237,-1.345893006,-1.292779843,0.703246386,-1.264268153,0.576513519,2
"378",378,-0.89890028,-0.993690957,-1.49225111,-1.624689702,1.606150192,-1.621853219,-0.384400773,2
"379",379,-0.442799902,-0.959785739,-1.166005621,-1.062438672,0.746473736,-1.200679391,0.422029396,2
"380",380,-0.534019978,-2.785622851,-1.437922386,-1.648350206,-1.218670841,-0.052979935,2.01689153,2
"381",381,-1.172560507,-1.938592109,-1.607342695,-1.702714506,0.410585414,-1.162332475,0.906753835,2
"382",382,-2.905741942,-2.508968309,-2.235838328,-2.394815742,1.013398098,-1.98076319,1.04437073,2
"383",383,-1.172560507,-1.783829008,-1.428378074,-1.439422174,0.184781581,-0.99780005,1.046117002,2
"384",384,-0.990120356,-1.428629265,-0.556079754,-0.402443907,-1.123140449,0.140643512,1.604124252,2
"385",385,-0.716460129,-1.850556251,-0.697955913,-0.503508929,-1.518818265,0.19775721,2.159081833,2
"386",386,-0.260359751,-1.732028011,-0.791415789,-0.681328263,-1.102525173,0.011750896,1.744453861,2
"387",387,-0.0779196,-1.924173538,-0.777924779,-0.559106235,-1.503979256,0.103700047,2.261811743,2
"388",388,-0.534019978,-0.582979296,-0.823749548,-0.405025931,0.325752878,-1.070915802,0.919321967,2
"389",389,-1.446220733,-1.207143859,-1.251579811,-0.84560993,0.296183897,-1.379405763,1.381168592,2
"390",390,-1.263780582,-0.41582193,-0.66121897,-0.307003942,0.3004967,-0.87396008,0.694918965,2
"391",391,-0.89890028,-0.253188254,-1.00132167,-0.905721507,1.386077135,-1.392608149,-0.341166779,2
"392",392,-0.169139676,0.16802705,-0.535796411,-0.354791838,0.965301237,-0.950126583,-0.264107212,2
"393",393,-0.89890028,-0.197709657,-1.031717699,-0.993473639,1.571155376,-1.446664122,-0.563999257,2
"394",394,-0.990120356,-0.357694044,-1.132773997,-1.171223233,1.633855393,-1.467778724,-0.635723722,2
"395",395,0.286960702,-0.385588925,0.628606243,0.514847625,-1.481916757,1.301586745,0.616521308,1
"396",396,0.104520551,-1.028958777,0.079046337,0.029946137,-1.499250445,0.954573028,1.110612905,1
"397",397,-0.169139676,0.010365533,0.09137638,-0.065673724,-0.07714755,0.314593744,-0.299671259,2
"398",398,0.104520551,-0.156662715,-0.0026032,-0.130508926,-0.150740724,0.27297061,-0.126230111,2
"399",399,-0.0779196,-0.806942776,-1.093979239,-1.19038478,0.994790868,-1.048764793,-0.178610571,2
"400",400,-1.446220733,-1.819312546,-1.767321089,-1.78011215,0.869879058,-1.632820161,0.805840988,2
"401",401,-1.628660885,-1.827492499,-1.856666323,-1.99659488,1.190550611,-1.718247446,0.40869151,2
"402",402,-1.446220733,-2.026037834,-1.78848557,-1.762890417,0.555068665,-1.544252303,1.189411823,2
"403",403,-0.716460129,-0.311359393,-0.826165441,-0.168371301,0.49285583,-1.401475097,1.096833107,2
"404",404,-0.260359751,0.007654781,-0.197445758,-0.033317417,0.170278628,-0.309962766,0.144757412,2
"405",405,-1.081340431,-0.316845795,-0.31762356,0.016861198,-0.168589634,-0.383233979,0.784264116,2
"406",406,-0.716460129,-0.926816106,-1.260761776,-0.846743743,0.705064455,-1.596531979,1.020203012,2
"407",407,-1.446220733,-0.664469514,-1.091663196,-0.778004938,0.820356376,-1.409728675,0.58505231,2
"408",408,0.104520551,-0.13339134,0.243869705,0.460685558,-0.786900048,0.394734442,0.725775295,1
"409",409,-0.534019978,-0.575610408,-0.135089899,-0.122025525,-0.576072796,0.275322796,0.549676716,2
"410",410,-0.807680204,-0.657617177,-0.737472178,-0.450591448,0.173676991,-0.792914383,0.788461583,2
"411",411,-0.169139676,-0.599947598,-0.795683812,-0.452832389,0.313643249,-0.964634646,0.79580439,2
"412",412,-1.263780582,-0.838217966,-0.996379228,-0.745605445,0.449693836,-1.083501168,0.738358584,2
"413",413,-1.446220733,-0.453453811,-0.683236234,-0.284835878,0.254970465,-0.912312145,0.819152853,2
"414",414,-0.351579827,-0.217864612,-0.579670857,-0.179766372,0.373787127,-0.901549616,0.614989158,2
"415",415,-0.442799902,-0.311760403,-0.485481128,-0.093687258,0.088821352,-0.684304376,0.777957315,2
"416",416,0.834281156,0.470167877,0.292453315,0.643198523,-0.217445968,-0.009299892,0.359665431,1
"417",417,0.286960702,0.198710819,-0.097057673,0.169711507,0.157903788,-0.346890457,0.214148783,2
"418",418,0.013300476,0.697827413,0.266617903,0.297160602,0.329874331,-0.000679661,-0.525750794,2
"419",419,-0.89890028,-1.256629627,-0.823266611,-0.278094222,-0.710031268,-0.686959858,2.056943038,2
"420",420,0.104520551,0.097067367,0.0954916,0.489491338,-0.385335117,-0.076196031,0.717625149,1
"421",421,-0.534019978,-1.160759158,-0.534366854,0.005388059,-1.085959901,-0.276739154,2.105762703,2
"422",422,-0.625240053,-0.269880521,-0.465141936,-0.157165254,0.173696856,-0.628072797,0.566868194,2
"423",423,-1.355000658,-0.407327797,-0.854969631,-0.4908164,0.665123632,-1.207034649,0.560451879,2
"424",424,-0.625240053,-0.301798097,-0.266506466,0.145205532,-0.297003576,-0.362757843,0.96176299,2
"425",425,0.286960702,0.118386637,0.327543568,0.439326326,-0.531830639,0.409991848,0.298034249,1
"426",426,0.651841004,0.461229158,0.80253829,1.142118194,-1.010447909,0.689337466,0.686710206,1
"427",427,-0.169139676,-0.104694982,0.052232877,0.668076864,-0.728254976,-0.141964246,1.353515776,1
"428",428,-0.534019978,-0.506819727,-0.434658914,-0.003839004,-0.287858413,-0.498158766,1.129153075,2
"429",429,-0.351579827,-0.494198348,-0.310177154,0.17448373,-0.528725913,-0.346764132,1.310224745,2
"430",430,1.290381533,1.140714279,1.313735969,1.406475098,-0.812654492,1.048596231,-0.111954606,1
"431",431,-0.351579827,0.17013538,0.122836189,0.489873243,-0.319902207,-0.067808502,0.60188388,1
"432",432,0.013300476,0.175805176,0.007371084,0.219603094,-0.006489759,-0.145274033,0.20562252,2
"433",433,0.286960702,0.453636356,0.653704704,1.066293551,-0.844483945,0.456186839,0.73511398,1
"434",434,0.560620929,0.23594976,0.373564887,0.688505446,-0.605502064,0.273975859,0.598472727,1
"435",435,0.286960702,0.184334921,0.539422916,0.695298622,-0.817955487,0.629783193,0.459430743,1
"436",436,0.651841004,0.620969997,0.592906445,0.897528719,-0.479039099,0.333380016,0.316722482,1
"437",437,0.378180778,0.150998218,0.323788745,0.651725905,-0.639841287,0.25199602,0.682840231,1
"438",438,-0.0779196,0.584706276,0.64538319,0.909935648,-0.575350694,0.449508013,0.314403405,1
"439",439,1.381601609,1.605756523,0.853800158,0.88988916,0.42562576,0.226186627,-0.983552221,1
"440",440,0.013300476,1.481249969,0.526997613,0.393422532,0.926125703,-0.034007045,-1.432907199,2
"441",441,-1.537440809,0.543020072,-0.791854488,-1.170941891,2.407538208,-1.271387941,-2.134921813,2
"442",442,0.013300476,1.026757089,0.02495559,-0.088194346,1.237553207,-0.468699266,-1.345855015,2
"443",443,0.74306108,1.299573959,0.870913323,0.705510978,0.197239448,0.547830804,-1.051238058,1
"444",444,-1.446220733,0.301401839,-0.984979861,-1.539530781,2.663043929,-1.32989968,-2.464207164,2
"445",445,0.74306108,0.872349414,0.591662505,0.477369391,0.111571108,0.419339258,-0.741759213,1
"446",446,-0.169139676,0.767593648,-0.252419708,-0.612446003,1.62525492,-0.570548447,-1.827949883,2
"447",447,-0.89890028,0.612517742,-0.682605736,-1.143271,2.347263728,-1.086946732,-2.286595447,2
"448",448,0.560620929,0.540560503,0.48384796,0.325015942,-0.075503272,0.513614783,-0.569798437,1
"449",449,0.560620929,0.496109446,0.470467731,0.542202646,-0.272353878,0.385273484,-0.083012324,1
"450",450,0.560620929,1.139752034,1.107811549,0.742985637,-0.210407571,1.062488056,-1.092150173,1
"451",451,-0.990120356,0.552508121,0.517986829,0.028086171,0.123861934,0.754800626,-1.212272279,1
"452",452,0.651841004,1.899880757,1.744948883,1.529941911,-0.400729462,1.269372228,-1.066360503,1
"453",453,0.378180778,2.007746082,1.85500931,1.680917911,-0.464736824,1.307736678,-1.015734026,1
"454",454,-0.260359751,1.519327303,1.232090193,0.787966032,0.079602162,1.024473116,-1.504072702,1
"455",455,1.016721307,1.117665474,0.714963399,0.618932615,0.186382235,0.418035471,-0.859447384,1
"456",456,0.013300476,1.731523442,0.676179476,0.143568043,1.250957999,0.239218365,-2.318760868,2
"457",457,1.107941382,1.025399063,1.137878836,1.159974061,-0.642232801,0.945592923,-0.245597531,1
"458",458,1.107941382,1.142303651,1.691872109,1.309442342,-1.046434977,1.766948781,-0.704239678,1
"459",459,0.560620929,1.378462285,1.605935681,1.190294888,-0.642214911,1.539720403,-1.044186297,1
"460",460,-0.169139676,0.882013469,1.252824696,0.931433002,-0.750101596,1.378571553,-0.655340286,1
"461",461,1.837701987,1.597061696,1.875607612,1.5987944,-0.867014968,1.633106639,-0.810798911,1
"462",462,0.104520551,0.427547771,1.020180304,0.797162213,-1.001264333,1.326680627,-0.184597677,1
"463",463,-0.260359751,0.56002813,0.890938307,0.538788712,-0.559715117,1.15507313,-0.658902043,1
"464",464,0.651841004,0.966321292,1.405720119,1.093813112,-0.88279997,1.502930769,-0.610629161,1
"465",465,0.74306108,0.430168447,1.018935887,0.717960711,-0.944121742,1.371248786,-0.335732938,1
"466",466,0.469400853,1.286921999,1.521701385,1.219995831,-0.695682953,1.432485753,-0.814688511,1
"467",467,0.74306108,1.116623344,1.379851478,1.07105107,-0.677196996,1.375263982,-0.767291218,1
"468",468,0.560620929,1.013555525,1.424026727,1.167581079,-0.891112841,1.462042376,-0.542399519,1
"469",469,1.381601609,1.037266948,1.49721785,1.200324196,-0.943257349,1.557280195,-0.587155764,1
"470",470,1.56404176,1.369070242,1.805166446,1.773915296,-1.167424695,1.553399015,-0.224042388,1
"471",471,1.016721307,0.836625343,0.83793422,0.740190769,-0.327872439,0.75547755,-0.49196088,1
"472",472,0.013300476,0.860207587,1.229245165,0.808442276,-0.674798403,1.423427428,-0.835856675,1
"473",473,1.746481911,1.651172412,2.125421895,1.722786863,-1.071063274,1.946351099,-0.906051881,1
"474",474,0.104520551,0.771590816,0.825369741,0.393958114,-0.152928267,0.980808913,-1.074135235,1
"475",475,0.286960702,0.964026137,1.054291579,0.842884,-0.433181692,1.016533068,-0.674710136,1
"476",476,1.746481911,1.098806913,1.2616797,1.341135725,-0.776504171,1.018903245,-0.129760767,1
"477",477,2.38502244,1.994797417,2.49288788,2.18775476,-1.246394919,2.075333602,-0.79948818,1
"478",478,0.925501231,1.144838418,1.322899357,1.140926722,-0.644762106,1.215306217,-0.604077924,1
"479",479,1.928922062,0.788372813,2.001154512,1.685906335,-1.906104463,2.297869144,-0.045329481,1
"480",480,1.290381533,0.781930475,1.653655859,1.284142114,-1.408398269,1.944897196,-0.365521898,1
"481",481,0.378180778,0.818755787,1.906450743,1.497928776,-1.689434819,2.229750241,-0.29969798,1
"482",482,1.381601609,1.016932348,2.070559812,1.720570047,-1.721024576,2.249026036,-0.275171317,1
"483",483,0.560620929,0.211439156,-0.280746373,-0.339467658,0.749885873,-0.434015233,-0.61388314,2
"484",484,-1.446220733,-0.387723022,-0.467674348,-0.453650166,0.260638958,-0.367173391,0.07738794,2
"485",485,-1.446220733,0.028335452,-0.513586687,-0.641075269,1.001936381,-0.63289991,-0.748978225,2
"486",486,-0.990120356,0.849473409,0.267821194,0.367378566,0.456326815,-0.13496648,-0.547146397,2
"487",487,-1.71988096,-0.681357673,-0.96831983,-1.194310249,1.03062681,-0.83260426,-0.526363812,2
"488",488,0.104520551,-0.011446192,-0.150964693,-0.540859335,0.500305351,0.12081614,-0.961155306,2
"489",489,0.195740627,0.043312397,0.134098159,-0.251040769,0.064990062,0.4982832,-0.773497529,2
"490",490,0.013300476,0.225976716,-0.021609398,-0.516801217,0.652161298,0.217583278,-1.333666241,2
"491",491,0.195740627,1.296478833,1.515012581,1.268968453,-0.710921068,1.386562965,-0.728635537,1
"492",492,-0.442799902,0.914455945,1.022941413,0.700936324,-0.3680844,1.074351848,-0.856355574,1
"493",493,1.472821684,1.999131705,2.300940005,2.122325145,-1.067228159,1.802277668,-0.718527273,1
"494",494,0.925501231,1.600627105,1.878166583,1.741731598,-0.951914233,1.554818762,-0.570026139,1
"495",495,-0.807680204,-0.92389384,-1.234234208,-1.136178357,0.940906654,-1.345299705,0.305988146,2
"496",496,-0.990120356,-1.151928969,-1.123718328,-1.007130189,0.377328769,-0.996638493,0.737142712,2
"497",497,-2.267201413,-1.371109765,-1.430283209,-1.405087501,0.774023366,-1.336652619,0.560804953,2
"498",498,-1.811101036,-0.822879192,-1.009202846,-0.893540712,0.613804831,-1.028538959,0.402471356,2
"499",499,-0.0779196,-0.389397974,-0.445428297,-0.306718225,0.11741125,-0.410365997,0.364114255,2
"500",500,-0.260359751,-0.564751063,-0.796191377,-0.568939438,0.458906057,-0.916090532,0.498636011,2
"501",501,0.378180778,-0.16372547,-0.779075104,-0.756206453,1.131348501,-1.030108105,-0.42170934,2
"502",502,-0.260359751,0.290269923,-0.110651027,-0.172745469,0.548517999,-0.227068289,-0.570542259,2
"503",503,-1.628660885,-1.173238592,-1.100219599,-1.635094022,0.892445476,-0.489455493,-0.766971436,2
"504",504,-1.628660885,-0.68569542,-0.689161508,-0.904440293,0.466718467,-0.365981849,-0.253232085,2
"505",505,-1.628660885,-0.669430951,-0.547377864,-0.884401144,0.322248331,-0.065774603,-0.42608203,2
"506",506,-0.260359751,-0.771568618,-0.208544893,-0.326432593,-0.609413455,0.389470279,0.449482721,2
"507",507,-0.442799902,-0.61669436,-0.501821728,-0.853460138,0.320074342,-0.021075101,-0.482691321,2
"508",508,-0.442799902,-0.975666295,-0.711820474,-0.960411705,0.138622142,-0.170905348,0.008393362,2
"509",509,0.925501231,0.879299703,0.977134323,1.014593007,-0.581194678,0.826864001,-0.183466438,1
"510",510,0.651841004,1.093824669,0.819833009,0.691098522,0.017855656,0.588486038,-0.81948524,1
"511",511,1.655261836,0.359448162,1.262815666,1.098550294,-1.476877682,1.634475217,0.161044389,1
"512",512,-1.081340431,-0.893020899,-0.572023735,-0.624048482,-0.174486573,-0.135678537,0.460942392,2
"513",513,1.655261836,0.060390868,0.828890983,0.605465912,-1.155998482,1.328292859,0.060277678,1
"514",514,0.74306108,-0.137032325,0.349043962,0.125154433,-0.64348346,0.821858288,-0.077290417,1
"515",515,0.286960702,-1.860912151,0.02226748,0.173754142,-2.723824532,1.353058936,2.530118968,1
"516",516,-0.442799902,-2.488066148,-0.777071238,-0.675848984,-2.2828976,0.636845816,2.788806713,1
"517",517,-0.716460129,-2.264483188,-0.58693005,-0.482309914,-2.274020063,0.767404635,2.59915043,1
"518",518,-0.807680204,-1.905689792,-0.298824171,-0.072870595,-2.318823812,0.853604401,2.554822168,1
"519",519,-0.260359751,-2.090440103,-0.396465076,-0.170684711,-2.429931503,0.844663341,2.744229897,1
"520",520,0.104520551,0.040975786,-0.214747841,-0.425963125,0.538563976,-0.124716353,-0.692220082,2
"521",521,-0.0779196,0.243347195,0.538892552,0.357248219,-0.507596731,0.79753428,-0.26154808,1
"522",522,-1.811101036,-1.647191748,-1.088743224,-1.317744221,-0.108515119,-0.324035213,0.60878311,2
"523",523,-0.89890028,-1.016860433,-0.616947828,-0.727270297,-0.214668682,-0.079482157,0.44956271,2
"524",524,-1.355000658,-0.838728976,-1.113579382,-1.361502727,1.129076999,-0.959493352,-0.512995261,2
"525",525,0.560620929,-0.173857813,0.085592271,-0.09320116,-0.28463982,0.445526712,-0.144382862,1
"526",526,-1.263780582,-0.353131452,-0.703782292,-1.013261594,1.023169881,-0.56316871,-0.87660373,2
"527",527,-1.811101036,-0.680133091,-0.821532086,-1.012487867,0.709748433,-0.60639319,-0.318109886,2
"528",528,-0.0779196,-1.102523618,-0.599572322,-0.940224637,-0.174913337,0.170420062,0.05019999,2
"529",529,-0.169139676,-0.935017161,-0.504993603,-0.909237828,-0.065417219,0.24197286,-0.220790512,2
"530",530,0.286960702,-0.924163983,-0.507822471,-0.841034212,-0.104230687,0.180546667,-0.076260106,2
"531",531,0.469400853,-0.938981311,-0.395879048,-0.86786566,-0.217792998,0.464229289,-0.276245785,2
"532",532,0.286960702,-1.009287918,-0.748457468,-1.045248157,0.203492471,-0.173863083,-0.091200494,2
"533",533,-2.175981338,-2.211276917,-2.648592197,-2.854055477,2.643555569,-3.156481019,0.021995047,2
"534",534,-2.449641565,-2.369464469,-2.336248749,-2.235515652,1.209652761,-2.51414642,1.447952819,2
"535",535,-4.456483227,-2.565363743,-2.736636586,-2.769395021,2.075306876,-3.22379172,1.019710109,2
"536",536,-2.996962018,-2.423249532,-2.458485043,-2.377420748,1.448859575,-2.741728154,1.371934691,2
"537",537,-0.260359751,-0.168480123,-0.20190353,-0.206747686,0.085080952,-0.093686273,-0.009914286,2
"538",538,-0.534019978,-0.320985649,-0.332225002,-0.326649299,0.110290157,-0.195766592,0.087042814,2
"539",539,-0.0779196,-0.50330103,-0.451315875,-0.456463583,0.093462692,-0.249209325,0.185740756,2
"540",540,0.013300476,-1.145975064,-0.290852899,-0.014607574,-1.282841622,0.268906201,1.686700364,1
"541",541,-0.442799902,-1.274387988,-0.319857502,0.015690234,-1.457441178,0.276752842,1.95491253,1
"542",542,-0.351579827,-1.176106713,-0.258517997,-0.026952527,-1.345849049,0.370017773,1.651392669,1
"543",543,0.286960702,-1.321168656,-0.521086527,-0.303347376,-1.082902971,0.074015796,1.629436264,2
"544",544,1.107941382,0.42826739,0.385723022,0.983065552,-0.589308517,0.002216346,0.937887719,1
"545",545,-0.169139676,0.184230463,-0.156802638,0.426775541,0.00190345,-0.615497403,0.824244396,2
"546",546,0.195740627,0.591596983,0.383270231,1.038271654,-0.430620779,-0.135402814,0.869505545,1
"547",547,-0.716460129,-0.414445618,-0.539503254,0.008397116,-0.073151268,-0.798542788,1.19010299,2
"548",548,-1.628660885,-0.935992238,-1.230761077,-0.905950405,0.711757028,-1.478410757,0.850752568,2
"549",549,-0.534019978,-0.672355815,-0.595733292,-0.160790243,-0.225838354,-0.645362471,1.227989267,2
"550",550,-1.811101036,-0.672689338,-0.951879498,-0.526451625,0.441076901,-1.231947844,0.951641585,2
"551",551,1.107941382,0.186390278,0.005028359,0.450307068,-0.163043183,-0.295577311,0.65759051,2
"552",552,-0.625240053,-0.706494028,-0.992100677,-0.625207601,0.52228872,-1.241226161,0.834452887,2
"553",553,1.290381533,1.551471906,1.648245249,1.893737676,-0.923430847,1.11062934,-0.018471476,1
"554",554,2.202582289,1.472897655,1.783640084,1.970449095,-1.156595743,1.344541303,0.039391886,1
"555",555,0.378180778,0.326983476,0.391298263,0.617822492,-0.460212972,0.292876071,0.341106338,1
"556",556,-0.169139676,-0.089503557,-0.075609084,0.159984773,-0.216852328,-0.107554241,0.490780326,2
"557",557,-0.0779196,0.430011703,0.20429556,0.347549049,0.028234632,0.015334516,-0.065689166,1
"558",558,0.834281156,1.41548355,1.464611538,1.723814336,-0.826147963,0.969101754,0.016436185,1
"559",559,2.020142138,1.714026557,1.876377782,1.97543933,-0.969728243,1.354739088,-0.272660109,1
"560",560,0.651841004,0.678470767,0.481078199,0.673973754,-0.157922344,0.212007345,-0.032824167,1
"561",561,0.104520551,0.050076649,0.120381518,0.07223294,-0.158346858,0.261418782,-0.098559772,1
"562",562,0.195740627,0.583079379,0.619181931,0.843576218,-0.509245564,0.43935025,0.222515593,1
"563",563,0.651841004,0.979076931,0.538523998,0.749676772,0.089588836,0.092112043,-0.266840778,1
"564",564,0.469400853,0.807107583,0.374048684,0.503724004,0.210601821,0.021730384,-0.365446114,1
"565",565,1.290381533,1.218682852,1.157160474,1.464043931,-0.637346169,0.689011096,0.091469473,1
"566",566,1.746481911,1.642319103,2.139334473,2.252237016,-1.400843882,1.679081247,-0.020302644,1
"567",567,0.104520551,0.398720968,0.661780838,0.842847766,-0.765043605,0.639051537,0.362496246,1
"568",568,0.560620929,0.447427896,0.656094416,0.790692912,-0.666035062,0.628061194,0.219195117,1
"569",569,-0.625240053,0.583909782,0.61648709,0.747430608,-0.439428734,0.49045318,0.042361916,1
"570",570,1.107941382,1.3660872,0.704462204,0.297091239,0.706508604,0.430237758,-1.706261459,1
"571",571,-0.169139676,0.655532987,0.578817873,0.646448617,-0.251362652,0.432133861,-0.179510691,1
"572",572,0.469400853,0.197355408,0.197380548,0.238692708,-0.170085311,0.218395782,-0.021991882,1
"573",573,-0.625240053,0.536282865,0.321468664,0.347477845,0.049718967,0.181791072,-0.323722804,1
"574",574,0.286960702,0.83846621,0.081340708,0.098878087,0.818191771,-0.345382257,-0.842068155,2
"575",575,0.469400853,0.603687926,-0.157781819,-0.192702691,0.994184662,-0.517085768,-0.89226665,2
"576",576,2.020142138,1.784924531,2.117124277,2.185260672,-1.195114421,1.595652272,-0.236626202,1
"577",577,1.199161458,1.387550278,1.356770661,1.636659328,-0.718260345,0.845763822,0.009964236,1
"578",578,-0.442799902,0.119245674,-0.034168673,-0.001874758,0.129959715,-0.059127326,-0.128016071,2
"579",579,-0.260359751,0.309971565,0.177266856,0.224675496,-0.002572222,0.112373532,-0.146933408,1
"580",580,-0.716460129,0.044024588,-0.329444707,-0.395569776,0.632659603,-0.393111651,-0.481702275,2
"581",581,2.38502244,1.757725244,2.311370737,2.322410583,-1.441764336,1.85130244,-0.186451361,1
"582",582,1.381601609,1.709384985,1.63183737,1.805034297,-0.68674862,1.038350862,-0.299200259,1
"583",583,0.469400853,0.621772927,0.76747734,1.0543193,-0.732821027,0.57358238,0.399047324,1
"584",584,0.651841004,0.794995432,0.95102752,1.256751541,-0.817260054,0.690555081,0.376637618,1
"585",585,0.74306108,0.799511959,0.920489934,1.24136312,-0.776893784,0.640182719,0.379895451,1
"586",586,0.925501231,0.90385834,0.460377255,0.760344585,0.063504537,-0.018355414,-0.076717526,1
"587",587,0.651841004,0.908165583,0.686731549,1.073338921,-0.343940431,0.232710904,0.236337533,1
"588",588,1.381601609,1.097265854,0.736604514,0.99734198,-0.117553495,0.2543939,-0.154246778,1
"589",589,1.837701987,1.481096792,1.589745603,1.747826921,-0.865791911,1.132948586,-0.140494576,1
"590",590,-1.355000658,0.124799485,-0.204364506,-0.247595852,0.492446352,-0.2700396,-0.42326313,2
"591",591,-0.89890028,0.051595168,-0.634601338,-0.851635778,1.337141562,-0.78700139,-1.077027466,2
"592",592,0.013300476,0.129705297,-0.287302386,-0.217715884,0.556720901,-0.468985679,-0.258480101,2
"593",593,0.469400853,0.370491933,0.065584625,0.021614171,0.328477155,-0.031873807,-0.48159241,2
"594",594,0.378180778,0.525172885,0.094108067,0.003277017,0.503874925,-0.062822669,-0.720027532,2
"595",595,1.016721307,1.535878562,1.080309414,1.245657626,-0.081069423,0.48286173,-0.5195769,1
"596",596,1.472821684,1.591190087,1.995361886,2.20195115,-1.322141832,1.500368042,0.094251225,1
"597",597,0.74306108,1.146766504,1.019520928,1.33066821,-0.520142726,0.55864209,0.079574635,1
"598",598,0.469400853,0.974319105,1.021074012,1.293538464,-0.692618834,0.687576618,0.181643779,1
"599",599,1.107941382,0.969962036,1.044422857,1.365835688,-0.763691043,0.69159755,0.289710281,1
"600",600,-0.625240053,0.243372299,0.315903734,0.482366748,-0.398443692,0.278709109,0.261529605,1
"601",601,0.74306108,0.574687814,0.75099055,1.100070799,-0.805230379,0.545226946,0.552765372,1
"602",602,-0.169139676,0.440128676,0.383364541,0.637340556,-0.330187621,0.193126949,0.267584698,1
"603",603,2.293802364,1.598848621,1.473119697,1.482813716,-0.48173956,1.008496484,-0.586382592,1
"604",604,0.378180778,0.820522447,0.713133624,0.979932506,-0.40424438,0.390166627,0.120981843,1
"605",605,0.104520551,0.397000203,0.438912658,0.745663291,-0.507480999,0.26552921,0.453329216,1
"606",606,0.104520551,0.746525478,0.063807912,0.053962956,0.759933129,-0.296640052,-0.814568659,2
"607",607,1.655261836,1.829699228,1.686122093,1.312758771,-0.293362939,1.332197765,-1.322220676,1
"608",608,0.469400853,1.227672531,1.100759127,0.668008165,-0.054246998,1.038213131,-1.308842225,1
"609",609,0.104520551,0.987077216,0.763755122,0.350066757,0.18303293,0.751097526,-1.301765056,1
"610",610,1.016721307,1.219565859,1.253768334,0.828806576,-0.299498694,1.226719466,-1.170652263,1
"611",611,1.107941382,1.122323644,0.642056576,0.649479423,0.234048161,0.259209932,-0.722073261,1
"612",612,0.74306108,0.38091704,-0.215279919,-0.311153345,0.872701397,-0.422904106,-0.824899806,2
"613",613,-0.990120356,-0.885275086,-0.931569,-0.871932761,0.424009358,-0.813599887,0.416594066,2
"614",614,-0.807680204,-0.736260383,-0.759682072,-0.562461739,0.183062453,-0.717832848,0.672560949,2
"615",615,0.286960702,-1.021328735,-0.603846689,-0.349572887,-0.543029834,-0.299283541,1.26924368,2
"616",616,-0.990120356,-0.171127153,-0.349462384,-0.347937633,0.338973454,-0.321808308,-0.108652529,2
"617",617,-0.807680204,0.214973913,-0.379580868,-0.55656128,1.03032999,-0.515880147,-0.951595227,2
"618",618,-0.169139676,0.947855683,0.319168431,0.336499626,0.54721872,-0.076831954,-0.77039871,2
"619",619,-1.172560507,-0.458358439,-0.869009142,-1.118639777,1.155562929,-0.804695589,-0.763343619,2
"620",620,1.107941382,1.383121541,1.104867918,1.418192609,-0.382631253,0.522252222,-0.091059528,1
"621",621,1.381601609,0.364229394,0.668721342,0.322019306,-0.450206543,0.992605502,-0.615368067,1
"622",622,0.013300476,-0.131347203,-0.120866146,-0.463840097,0.255763411,0.218437564,-0.70194119,2
"623",623,-0.169139676,-0.338815794,-0.335685157,-0.690062671,0.383726388,0.044003741,-0.671787329,2
"624",624,-0.442799902,-0.408788944,-0.567400005,-0.313065071,0.219541696,-0.664249386,0.542298602,2
"625",625,-1.081340431,-0.423003767,-0.806886737,-0.830309469,0.882991475,-0.871009515,-0.239034992,2
"626",626,-0.169139676,-0.711240349,-1.059523607,-0.9221776,0.848225269,-1.208316795,0.269842359,2
"627",627,-0.625240053,0.318917579,0.177398414,0.403867738,-0.123815079,-0.001299028,0.199424269,1
"628",628,1.199161458,1.129064288,1.757677842,1.473289255,-1.21317718,1.792871528,-0.472868145,1
"629",629,1.290381533,1.119245555,1.564830798,1.265851581,-0.945772771,1.585964477,-0.621693967,1
"630",630,2.020142138,1.644109383,1.75097125,1.904338313,-0.907764706,1.224434483,-0.19644757,1
"631",631,-0.625240053,-0.688797112,-0.316790702,-0.422926273,-0.315868225,0.157065929,0.293192137,2
"632",632,-0.260359751,0.28479307,0.624301436,0.584313071,-0.691837851,0.797144487,0.033127839,1
"633",633,0.013300476,0.792813472,1.03869545,1.152492826,-0.82300208,0.913951167,0.085540891,1
"634",634,-0.807680204,-0.171977979,-0.178228466,-0.258343732,0.097905769,-0.007926686,-0.14565831,2
"635",635,-0.0779196,-0.102869523,-0.183222138,0.10784327,-0.092377709,-0.293643012,0.542168937,2
"636",636,-0.89890028,-0.130252216,-0.362279952,-0.082006563,0.193010823,-0.542629803,0.421189377,2
"637",637,-1.081340431,-0.309632188,-0.381429059,-0.106923627,-0.000383088,-0.449480701,0.604753595,2
"638",638,-0.351579827,-0.099799129,-0.051564791,0.190445521,-0.275426996,-0.069150486,0.532680261,2
"639",639,1.746481911,-0.450762327,0.928106969,1.370847254,-2.375432742,1.381458369,1.935719042,1
"640",640,0.104520551,-0.870797892,-0.35391881,0.037339065,-0.88503026,-0.098161725,1.544942424,2
"641",641,0.013300476,-0.898026203,-0.200160432,0.167042675,-1.165265303,0.172042918,1.629175445,1
"642",642,-1.263780582,-1.055767737,-0.748246941,-0.364691576,-0.432889482,-0.596920433,1.493448417,2
"643",643,-1.902321111,-1.477192045,-1.088849234,-0.857472967,-0.263267925,-0.776023758,1.46336815,2
"644",644,0.469400853,-1.406222293,-0.675958322,-0.4660651,-0.919996651,-0.109414037,1.615892403,2
"645",645,-0.442799902,-0.399926388,-0.644417712,-0.795665948,0.711067631,-0.536096856,-0.414700596,2
"646",646,-0.351579827,-0.568129974,-0.958756048,-1.122422608,1.110146444,-0.937301018,-0.512599958,2
"647",647,-1.355000658,-0.316824862,-0.981696999,-1.25334789,1.591754684,-1.082032078,-1.086985213,2
"648",648,-2.267201413,-2.296793147,-1.980720023,-2.082304551,0.689738429,-1.637313799,1.099486245,2
"649",649,-1.537440809,-2.066379776,-1.741005155,-1.797316633,0.466477346,-1.356923886,1.07906716,2
"650",650,-2.175981338,-1.844448155,-1.72833372,-1.969147141,0.972488564,-1.370536599,0.289486433,2
"651",651,-0.89890028,-1.904568566,-1.320719884,-1.27653647,-0.275225824,-0.742778635,1.437775167,2
"652",652,0.925501231,0.073029278,0.42872253,0.231301144,-0.528988381,0.771884454,-0.192919455,1
"653",653,-0.442799902,-0.529300883,-0.440469861,-0.406271446,0.007437444,-0.239518923,0.310060416,2
"654",654,-0.625240053,-1.332254896,-1.17385746,-1.139814732,0.291877295,-0.899000577,0.742337022,2
"655",655,-1.537440809,-1.266074082,-1.222964572,-1.260923991,0.553491334,-0.987015359,0.442954087,2
"656",656,-1.902321111,-1.279530578,-0.956222994,-0.837467042,-0.136457984,-0.612050862,1.040514335,2
"657",657,-1.263780582,-0.948143789,-1.003296384,-0.493269566,0.088336805,-1.186530419,1.453767419,2
"658",658,-0.169139676,0.011461068,-0.196246354,0.433717247,-0.182264357,-0.592435074,1.087281526,2
"659",659,0.560620929,0.181675875,0.415322448,1.024426052,-0.941804035,0.190992929,1.246935603,1
"660",660,-0.0779196,-0.379846117,-0.415299182,0.343093403,-0.407951525,-0.753631507,1.66426709,2
"661",661,0.651841004,0.07159174,-0.079247964,0.140985818,0.004212377,-0.209576418,0.274964127,2
"662",662,0.013300476,0.134009317,-0.015557695,0.245659921,-0.056594447,-0.181343332,0.334098031,2
"663",663,0.378180778,0.065898274,0.299239419,0.776324648,-0.811248975,0.18295993,1.04929362,1
"664",664,-0.351579827,0.191793068,-0.431100911,-0.013322649,0.614515958,-0.941987596,0.285003265,2
"665",665,-0.0779196,-0.455130041,-0.488738754,-0.090112618,-0.098778402,-0.59805142,0.961540019,2
"666",666,1.472821684,1.307810709,1.391400601,1.953866602,-1.030276002,0.778420986,0.598630865,1
"667",667,2.111362213,1.347810632,1.861570311,2.28961614,-1.538274359,1.373296113,0.610115856,1
"668",668,1.381601609,1.217762133,1.270915374,1.688263331,-0.871299291,0.766999458,0.360166481,1
"669",669,1.56404176,1.407072444,1.547473949,1.742498773,-0.910835793,1.10728807,-0.034089189,1
"670",670,-0.534019978,0.021174406,0.214606047,0.532637605,-0.618558893,0.189232081,0.733221922,1
"671",671,-0.625240053,-0.101411665,-0.034833358,0.24860622,-0.336690491,-0.0689683,0.630246174,2
"672",672,0.195740627,0.616136238,0.565538481,1.095051287,-0.59677494,0.1692572,0.725290541,1
"673",673,-0.625240053,-0.32720688,-0.913649465,-0.655659886,0.974281994,-1.293871838,0.183578767,2
"674",674,-0.169139676,-0.265276545,-0.554807668,-0.193246672,0.298065292,-0.806804318,0.608537535,2
"675",675,0.013300476,-0.286046671,-0.354211635,0.212554013,-0.244537774,-0.603276865,1.201277048,2
"676",676,-0.442799902,-0.628870692,-0.6467526,-0.210745977,-0.076197826,-0.758265875,1.140831249,2
"677",677,0.651841004,-0.135485017,0.231867283,0.507071486,-0.812105686,0.343041803,0.835497128,1
"678",678,0.013300476,-0.308718113,0.063065297,0.345041622,-0.76284838,0.212965272,0.931689293,1
"679",679,-0.807680204,-0.284707698,-0.41436243,0.064664962,-0.07035269,-0.644043954,0.977974709,2
"680",680,-0.442799902,0.007187146,-0.340255088,0.106358594,0.19930396,-0.69959333,0.622114864,2
"681",681,-0.534019978,-0.07951647,-0.189761176,0.216574499,-0.139372239,-0.389337436,0.745820367,2
"682",682,1.56404176,1.149671454,1.205485484,1.548132028,-0.806988304,0.769911696,0.253575883,1
"683",683,0.560620929,1.00807933,0.944597491,1.517902925,-0.73836007,0.400302553,0.640794248,1
"684",684,-0.260359751,-0.508674856,-0.637311539,-0.352562254,0.190207252,-0.728825082,0.675928472,2
"685",685,-1.355000658,-1.190612048,-1.218001398,-1.092873637,0.504020124,-1.143655319,0.732475823,2
"686",686,-2.358421489,-0.99775109,-1.218399855,-1.169530019,0.849188712,-1.231713056,0.299750821,2
"687",687,0.013300476,0.177573656,-0.315157653,0.162122392,0.345935629,-0.78852745,0.50754391,2
"688",688,1.016721307,0.418632863,0.741027282,1.183406642,-1.037640521,0.575660865,0.882916412,1
"689",689,-0.0779196,-0.402282112,-0.295964308,-0.233005517,-0.105954425,-0.120828981,0.331567461,2
"690",690,-0.534019978,-0.448735078,-0.51905324,-0.415203323,0.200817746,-0.4643313,0.303484823,2
"691",691,0.74306108,0.717083449,0.786090221,1.14404694,-0.696896571,0.496913579,0.444741362,1
"692",692,1.381601609,1.341508348,1.800745828,2.039172514,-1.353111337,1.413598578,0.260321881,1
"693",693,-0.534019978,-0.11103797,0.068244797,0.518315085,-0.642300517,-0.014252221,1.04462787,1
"694",694,0.560620929,-0.133923151,0.138887586,0.608588636,-0.799909355,0.090443819,1.155539116,1
"695",695,0.286960702,0.035802424,0.195059424,0.617675343,-0.643912749,0.088570139,0.908999581,1
"696",696,-1.537440809,-1.182560139,-1.337204899,-1.173912926,0.72495516,-1.393096434,0.715010909,2
"697",697,-0.169139676,-0.654705962,-0.646802346,-0.312867796,-0.028141957,-0.676043693,0.953593218,2
"698",698,-0.716460129,-0.658800644,-0.648762861,-0.280784139,-0.057736125,-0.698110877,1.030502444,2
"699",699,-0.625240053,0.193618252,-0.199909644,0.295028882,0.153667975,-0.633832284,0.606586778,2
"700",700,1.107941382,0.619101422,0.740211456,1.049827342,-0.710076979,0.526354307,0.426213809,1
"701",701,1.107941382,1.589325859,1.274437301,1.624588977,-0.425058469,0.588413751,-0.112248893,1
"702",702,1.199161458,1.273667777,1.424430309,1.453406848,-0.781610358,1.136202903,-0.279269608,1
"703",703,0.651841004,0.801644285,0.65097816,0.987002954,-0.378175665,0.279944258,0.227510324,1
"704",704,0.74306108,0.844304755,0.621572719,0.894675209,-0.239860656,0.250790921,0.045866726,1
"705",705,0.74306108,0.630649701,0.456796825,0.771911629,-0.262232925,0.137494661,0.233865662,1
"706",706,2.020142138,1.605441323,1.328764231,1.406496147,-0.311314411,0.794527592,-0.570883418,1
"707",707,0.013300476,-0.081898894,-0.978640075,-1.210023845,1.858658632,-1.263511968,-1.269188474,2
"708",708,0.560620929,0.455729327,-0.324307065,-0.290880364,1.057357703,-0.715905914,-0.725894261,2
"709",709,1.290381533,1.233340935,1.317989175,1.652359203,-0.868262939,0.860968299,0.229016278,1
"710",710,-0.260359751,0.555840879,-0.428917626,-0.507128819,1.462771303,-0.875724318,-1.158351522,2
"711",711,-0.442799902,0.68344394,-0.401917507,-0.471294843,1.560758126,-0.920387969,-1.254761401,2
"712",712,0.560620929,0.685651991,-0.271428514,-0.183578644,1.198320054,-0.813512411,-0.819757449,2
"713",713,-0.260359751,0.37760932,-0.361193359,-0.376769279,1.067592796,-0.692904922,-0.773150587,2
"714",714,-0.0779196,0.490409184,-0.380002828,-0.37001796,1.220157401,-0.810242385,-0.859017212,2
"715",715,0.195740627,0.421007706,-0.490523275,-0.558254653,1.402884131,-0.891964484,-1.040909714,2
"716",716,0.195740627,0.024472829,-1.03806048,-1.299362958,2.146367615,-1.419456231,-1.51893021,2
"717",717,2.202582289,1.591931949,1.064041128,0.736492746,0.336121263,0.705661719,-1.485110157,1
"718",718,0.560620929,0.497107633,0.10119769,-0.065667672,0.515686965,0.011672155,-0.839013843,2
"719",719,-0.169139676,0.032661655,-0.370461916,-0.635570359,0.855243966,-0.324114736,-0.929809665,2
"720",720,0.469400853,0.229773031,0.048966428,-0.191379273,0.333720804,0.157880975,-0.745011527,2
"721",721,1.746481911,1.992468211,1.558554918,1.54783686,-0.168592378,0.887768341,-0.924071726,1
"722",722,1.199161458,1.880286649,1.352546414,0.86045595,0.323751636,0.976866852,-1.829885046,1
"723",723,-0.534019978,0.372387876,-0.376237807,-0.668042091,1.315566299,-0.544109192,-1.369049983,2
"724",724,0.378180778,0.668436727,-0.121361204,-0.44599778,1.23801789,-0.330244984,-1.532691698,2
"725",725,-0.625240053,0.648801733,-0.398500871,-0.788838008,1.77968517,-0.70007477,-1.900412212,2
"726",726,2.476242516,2.189244556,2.244352607,1.806283571,-0.643912639,1.772370752,-1.354178545,1
"727",727,0.286960702,0.045916892,-0.338477067,-0.956610737,1.106031412,-0.057513008,-1.688543436,2
"728",728,-0.442799902,0.032919778,-0.248144062,-0.90394208,0.951501399,0.114846437,-1.673493358,2
"729",729,-0.351579827,0.243072755,-0.792976714,-1.466433141,2.300179752,-0.889084056,-2.477367988,2
"730",730,-0.625240053,0.629589006,0.340913661,-0.20759791,0.556554191,0.497419202,-1.557148008,2
"731",731,0.378180778,0.822901468,0.864564558,0.449300379,-0.165707152,0.988177829,-1.063637538,1
"732",732,0.378180778,-0.899561408,-0.081199307,-0.419883916,-0.833558852,0.822595701,0.225185203,1
"733",733,0.925501231,-0.505512639,0.283028303,0.087426844,-1.029348447,0.967850505,0.342539749,1
"734",734,0.74306108,-0.816711453,-0.034008218,-0.257389839,-0.891052753,0.753520305,0.40982126,1
"735",735,-1.446220733,-1.172326041,-0.783737559,-0.368502201,-0.55718905,-0.594656895,1.688857797,2
"736",736,-0.0779196,-0.979589213,-0.361053238,0.122192308,-1.09125678,-0.093214871,1.867546523,2
"737",737,0.286960702,-1.257450031,-0.417686399,-0.049091325,-1.291343813,0.090085835,1.940625198,1
"738",738,0.195740627,-1.054843911,-0.489648011,-0.101062666,-0.899319091,-0.180834319,1.67887473,2
"739",739,1.199161458,-0.798179751,0.23513752,0.318726784,-1.538378128,0.923475353,1.21488066,1
"740",740,1.928922062,-0.52935129,1.41174325,1.368812009,-2.846030338,2.335168311,1.405185443,1
"741",741,0.104520551,-1.030659776,-0.147263895,-0.01826681,-1.256281062,0.502669938,1.330095558,1
"742",742,1.199161458,-1.024942056,0.790891083,0.954213257,-2.741077059,1.781735306,1.981484483,1
"743",743,0.104520551,-0.603031075,-0.736223458,-0.664767901,0.42516415,-0.69002495,0.248654746,2
"744",744,-0.990120356,-1.018238992,-1.146494035,-1.286477823,0.845216026,-0.960974501,-0.057803255,2
"745",745,-0.716460129,-1.226326444,-1.354513693,-1.389841888,0.882461217,-1.259552177,0.284047512,2
"746",746,-0.260359751,-1.497830044,-0.625247431,-0.460810314,-1.107284988,0.072479307,1.670428807,2
"747",747,0.651841004,-1.791505981,0.148918246,0.403594436,-2.895365402,1.409814064,2.727710399,1
"748",748,-0.625240053,-1.876286899,-0.899410144,-0.796254909,-1.111117688,-0.056064385,1.849322105,2
"749",749,-0.442799902,-2.718076941,-0.863402945,-0.66660016,-2.5732739,0.60635923,3.293386633,1
"750",750,-0.990120356,-1.855218784,-1.152702943,-1.160856,-0.492034248,-0.436536895,1.372306864,2
"751",751,0.74306108,-1.733396249,0.078041211,0.329118671,-2.698467877,1.266878594,2.605469584,1
"752",752,-1.172560507,-2.080694557,-1.102610789,-0.900762525,-1.120234261,-0.323903348,2.223876666,2
"753",753,0.195740627,-2.22953452,-0.331614833,0.085616599,-2.890004539,0.915043956,3.38416651,1
"754",754,2.020142138,1.041020071,1.8163384,1.634043609,-1.453725417,1.854691425,-0.171909781,1
"755",755,-1.71988096,-1.255063178,-1.440575728,-1.497354092,1.043895457,-1.385200775,0.195190882,2
"756",756,-0.807680204,-1.024752588,-1.060449651,-1.002458471,0.483874414,-0.936903468,0.486746868,2
"757",757,-0.990120356,-0.969060783,-0.779082094,-0.655109077,-0.039763196,-0.538467489,0.787232569,2
"758",758,-0.442799902,-0.292156373,0.08204446,-0.074358947,-0.447414934,0.507529577,0.032160083,1
"759",759,0.104520551,-0.191381035,0.184873419,0.029984218,-0.492082044,0.584559948,-6.18e-05,1
"760",760,0.378180778,-0.552348669,-0.324268055,-0.34799541,-0.185444536,-0.004674781,0.302356737,2
"761",761,-0.716460129,-0.688583241,-0.487553132,-0.776621225,0.144055276,0.0113905,-0.245302894,2
"762",762,2.476242516,1.129147791,2.236970787,1.717422133,-1.716395254,2.456701788,-0.561697002,1
"763",763,1.472821684,0.258404403,0.598755179,0.221017072,-0.445176467,0.99001794,-0.619921061,1
"764",764,0.286960702,-0.046520576,-0.153947404,-0.60177118,0.507382929,0.177822156,-1.04907642,2
"765",765,0.104520551,-0.052277208,-0.135493145,-0.499570945,0.399870932,0.155550494,-0.847491832,2
"766",766,0.651841004,-0.019372956,0.135279501,-0.253083859,-0.013672093,0.545096841,-0.71083034,2
"767",767,0.651841004,-0.829454727,0.043277535,-0.162818501,-1.052618309,0.86416369,0.519055885,1
"768",768,1.107941382,-0.329935331,0.201665792,-0.063502587,-0.615875937,0.775526282,-0.059093159,1
"769",769,0.74306108,-0.703286529,-0.223621441,-0.358004528,-0.478104411,0.328794666,0.321393313,2
"770",770,0.74306108,-0.980257587,-0.16476513,0.011695996,-1.193501531,0.408722152,1.356138338,1
"771",771,-0.89890028,-1.369622363,-0.767821168,-0.640721158,-0.630435137,-0.231760539,1.318034609,2
"772",772,-0.807680204,-1.68896823,-0.940503932,-0.757936724,-0.819508344,-0.325605206,1.746036914,2
"773",773,-1.263780582,-1.802909075,-1.03346449,-0.91548003,-0.757120621,-0.355382603,1.686454701,2
"774",774,-0.990120356,-1.600358624,-0.939039665,-0.889369759,-0.577954794,-0.296517834,1.321286135,2
